"TheRealJJ","77.92.76.250","2015-11-30 23:11:40"
"loginAuthTest","37.48.80.201","2015-11-30 23:11:51"
"ksiriusr","123.108.246.205","2015-11-30 23:11:55"
"Swed3n","83.250.54.3","2015-11-30 23:12:21"
"steak123","23.27.250.249","2015-11-30 23:12:31"
"szakiakiraly","185.56.137.11","2015-11-30 23:12:43"
"jokersecurex941","0.0.0.0","2016-04-28 02:27:28"
"st4mp3de","174.92.52.211","2015-11-30 23:13:05"
"SyneX","178.118.162.220","2015-11-30 23:13:13"
"Bido","41.109.177.92","2015-11-30 23:13:29"
"allanhyper123","189.103.127.84","2015-11-30 23:13:49"
"TobiNator2","89.245.249.24","2015-11-30 23:14:17"
"Rizingsword","107.170.252.202","2015-11-30 23:14:23"
"TobiNator","89.245.249.24","2015-11-30 23:14:50"
"xkalas","186.88.68.75","2015-11-30 23:15:19"
"trashx","94.225.39.117","2015-11-30 23:15:31"
"TobiNator2","89.245.249.24","2015-11-30 23:15:34"
"TobiNator2","89.245.249.24","2015-11-30 23:15:44"
"rumchi","46.238.51.67","2015-11-30 23:15:53"
"Rainbowshine","88.72.90.243","2015-11-30 23:15:57"
"wklov3","177.202.10.142","2015-11-30 23:16:15"
"pegas10","37.248.254.9","2015-11-30 23:16:21"
"redbefore","36.84.0.199","2015-11-30 23:16:32"
"sekerer","95.76.23.87","2015-11-30 23:16:35"
"lancelotpp01","185.112.157.215","2015-11-30 23:16:42"
"boyboy11","183.91.9.128","2015-11-30 23:16:47"
"Wiola19","94.254.198.11","2015-11-30 23:17:07"
"Stefan123","95.76.225.42","2015-11-30 23:17:21"
"Wiola193","94.254.198.11","2015-11-30 23:17:25"
"Wiola193","94.254.198.11","2015-11-30 23:17:38"
"username25","50.160.168.157","2015-11-30 23:17:48"
"trashx","94.225.100.6","2015-11-30 23:17:56"
"Clear94","31.162.217.43","2015-11-30 23:17:58"
"monsterlabel","179.233.26.140","2015-11-30 23:18:32"
"darkrossx","86.26.109.45","2015-11-30 23:18:39"
"khuongz2","116.104.116.42","2015-11-30 23:19:09"
"faelrs","177.96.1.11","2015-11-30 23:19:18"
"redbefore","36.84.0.199","2015-11-30 23:19:19"
"cantseesharp","180.191.154.26","2015-11-30 23:19:24"
"ChillAh","217.231.117.243","2015-11-30 23:19:26"
"khuongz3","116.104.116.42","2015-11-30 23:19:44"
"420blunt","81.37.163.79","2015-11-30 23:20:01"
"khuongz4","116.104.116.42","2015-11-30 23:20:13"
"SilverTn","212.233.201.29","2015-11-30 23:20:18"
"crazywizard","78.170.182.162","2015-11-30 23:20:25"
"AbueloEmpalmado","79.157.220.139","2015-11-30 23:20:38"
"khuongzz","116.104.116.42","2015-11-30 23:20:54"
"commonman1","23.27.250.249","2015-11-30 23:21:04"
"Hybrin","185.54.57.64","2015-11-30 23:21:09"
"MattyTheGamerDK","87.54.190.189","2015-11-30 23:21:23"
"PokemonYT","81.37.163.79","2015-11-30 23:21:42"
"nango12345","23.27.250.249","2015-11-30 23:21:49"
"MattyTheGamerDK","87.54.190.189","2015-11-30 23:21:50"
"nango12345","23.27.250.249","2015-11-30 23:21:55"
"nango12345","23.27.250.249","2015-11-30 23:22:00"
"nango12345","23.27.250.249","2015-11-30 23:22:05"
"khuongz","116.104.116.42","2015-11-30 23:22:17"
"opscurio","79.157.220.139","2015-11-30 23:22:31"
"Darek","83.243.188.160","2015-11-30 23:22:34"
"McDrengen1","80.163.13.95","2015-11-30 23:22:36"
"zkhuongz1","116.104.116.42","2015-11-30 23:23:05"
"sssdaaadsa","87.121.28.39","2015-11-30 23:23:12"
"bjbjbj","23.27.250.249","2015-11-30 23:23:14"
"Sentry","103.230.227.63","2015-11-30 23:23:16"
"bjbjbj","23.27.250.249","2015-11-30 23:23:19"
"bjbjbj","23.27.250.249","2015-11-30 23:23:23"
"bjbjbj","23.27.250.249","2015-11-30 23:23:31"
"bjbjbj","23.27.250.249","2015-11-30 23:23:35"
"bjbjbj","23.27.250.249","2015-11-30 23:23:38"
"csgopanic","68.47.18.192","2015-11-30 23:23:39"
"zkhuongz1","116.104.116.42","2015-11-30 23:23:44"
"TheRinger","46.165.220.203","2015-11-30 23:23:45"
"csgopanic","68.47.18.192","2015-11-30 23:23:45"
"XxDarDoAzuLxX","188.250.12.240","2015-11-30 23:23:50"
"Zack90","84.236.67.176","2015-11-30 23:23:53"
"Easy2Win","184.153.97.171","2015-11-30 23:23:59"
"huzee123","197.89.21.230","2015-11-30 23:24:05"
"baophu","146.111.139.184","2015-11-30 23:24:07"
"trollorafk3","116.104.116.42","2015-11-30 23:24:10"
"Lulululululu","23.27.250.249","2015-11-30 23:24:11"
"Lulululululu","23.27.250.249","2015-11-30 23:24:17"
"Lulululululu","23.27.250.249","2015-11-30 23:24:20"
"XxDarDoAzuLxX","188.250.12.240","2015-11-30 23:24:24"
"khuongzz","116.104.116.42","2015-11-30 23:24:27"
"Pete333","23.27.250.249","2015-11-30 23:24:40"
"Pete333","23.27.250.249","2015-11-30 23:24:48"
"Pete333","23.27.250.249","2015-11-30 23:24:51"
"Pete333","23.27.250.249","2015-11-30 23:24:55"
"kinho299","177.35.47.21","2015-11-30 23:25:05"
"zxzxzx","23.27.250.249","2015-11-30 23:25:08"
"zxzxzx","23.27.250.249","2015-11-30 23:25:12"
"zxzxzx","23.27.250.249","2015-11-30 23:25:16"
"zxzxzx","23.27.250.249","2015-11-30 23:25:19"
"khuongz","116.104.116.42","2015-11-30 23:25:24"
"lamsi1994","23.27.250.249","2015-11-30 23:25:27"
"lenerds","72.12.101.170","2015-11-30 23:25:29"
"lamsi1994","23.27.250.249","2015-11-30 23:25:33"
"yodag566","90.229.235.167","2015-11-30 23:25:36"